id,first_name,last_name,email,gender,ip_address
1,Valentia,Hamsher,vhamsher0@ustream.tv,Genderqueer,219.158.2.201
2,Hamil,Giacovazzo,hgiacovazzo1@trellian.com,Bigender,74.67.101.82
3,Vivie,Dallywater,vdallywater2@bloglines.com,Agender,187.136.207.58
4,Frederique,Mathie,fmathie3@github.com,Polygender,114.125.41.235
5,Olly,Fagg,ofagg4@topsy.com,Genderfluid,58.2.198.178
6,Pavia,Hestrop,phestrop5@networksolutions.com,Genderqueer,179.140.114.44
7,Pansie,Fautley,pfautley6@accuweather.com,Bigender,80.137.80.71
8,Sonia,Gagie,sgagie7@cornell.edu,Agender,229.116.142.111
9,Arleen,Ivanshintsev,aivanshintsev8@simplemachines.org,Genderfluid,160.126.34.6
10,Aleksandr,Wyndham,awyndham9@macromedia.com,Male,131.89.248.165
11,Stanislaw,Alliberton,sallibertona@reverbnation.com,Non-binary,0.24.245.215
12,Karl,Lilbourne,klilbourneb@wikia.com,Male,130.29.122.72
13,Debora,Totman,dtotmanc@reddit.com,Bigender,4.102.139.223
14,Bren,MacGuffog,bmacguffogd@blogs.com,Male,96.237.112.32
15,Erin,Derill,ederille@chicagotribune.com,Bigender,183.114.252.165
16,Cornelle,Andreasson,candreassonf@bbb.org,Female,75.158.202.153
17,Janek,Ciubutaro,jciubutarog@sbwire.com,Bigender,176.213.0.178
18,Hieronymus,Snyder,hsnyderh@symantec.com,Agender,213.94.188.230
19,Iris,Tyrone,ityronei@fastcompany.com,Genderfluid,0.111.78.92
20,Fair,Uzelli,fuzellij@jalbum.net,Agender,84.234.221.108
21,Gypsy,Tyson,gtysonk@facebook.com,Bigender,71.208.30.233
22,Lynnell,Cardinale,lcardinalel@tmall.com,Genderqueer,230.101.251.189
23,Cheston,Robertazzi,crobertazzim@intel.com,Non-binary,20.68.162.29
24,Shaylah,Sinclaire,ssinclairen@whitehouse.gov,Bigender,164.238.76.67
25,Sula,Dovey,sdoveyo@bloglines.com,Genderqueer,33.2.124.211
26,Teodora,Creggan,tcregganp@mit.edu,Male,196.206.149.61
27,Bogart,Paszek,bpaszekq@ustream.tv,Genderfluid,236.170.211.7
28,Delainey,Hall-Gough,dhallgoughr@cocolog-nifty.com,Non-binary,178.76.76.141
29,Brigitta,Hyde-Chambers,bhydechamberss@amazon.co.uk,Male,165.187.84.80
30,Teddie,Geist,tgeistt@berkeley.edu,Non-binary,51.79.136.132
31,Cliff,Tunuy,ctunuyu@skype.com,Female,120.119.213.255
32,Marlee,Larkin,mlarkinv@blogger.com,Female,149.67.10.12
33,Marillin,Brunone,mbrunonew@skyrock.com,Male,232.213.184.235
34,Kati,Dufty,kduftyx@reverbnation.com,Agender,69.120.30.105
35,Raoul,Beckham,rbeckhamy@rediff.com,Bigender,104.16.183.147
36,Genni,Antonomolii,gantonomoliiz@smh.com.au,Genderqueer,33.20.228.144
37,Abigail,Matovic,amatovic10@google.ru,Female,225.31.121.151
38,Romonda,Camies,rcamies11@cam.ac.uk,Genderfluid,236.194.133.16
39,Bianka,Solomonides,bsolomonides12@washington.edu,Male,67.59.137.44
40,Jerrilyn,Kirsche,jkirsche13@blogs.com,Polygender,251.47.200.211
41,Morty,Rentelll,mrentelll14@studiopress.com,Non-binary,143.192.255.228
42,Ora,Player,oplayer15@mayoclinic.com,Non-binary,74.158.46.237
43,Freedman,Malyan,fmalyan16@huffingtonpost.com,Male,211.190.64.85
44,Juline,Backhurst,jbackhurst17@i2i.jp,Male,150.65.8.157
45,Sena,Klais,sklais18@guardian.co.uk,Bigender,220.243.150.187
46,Arabella,Capsey,acapsey19@barnesandnoble.com,Genderfluid,49.51.251.253
47,Lannie,Sesser,lsesser1a@ftc.gov,Non-binary,219.238.166.155
48,Franklin,Richemond,frichemond1b@nationalgeographic.com,Non-binary,41.184.207.44
49,Mirella,Mucklow,mmucklow1c@rambler.ru,Genderqueer,130.114.121.15
50,Shandy,Halbard,shalbard1d@xing.com,Non-binary,75.162.100.42
51,Coreen,Cucinotta,ccucinotta1e@guardian.co.uk,Polygender,162.12.12.41
52,Federico,Longhorn,flonghorn1f@hao123.com,Genderfluid,182.59.179.189
53,Korry,Folling,kfolling1g@de.vu,Non-binary,16.235.12.143
54,Joannes,Dunbar,jdunbar1h@cnn.com,Polygender,216.203.114.252
55,Creighton,Coveney,ccoveney1i@utexas.edu,Male,8.250.194.49
56,Mari,Count,mcount1j@biblegateway.com,Female,204.237.185.6
57,Alister,Cobain,acobain1k@about.com,Non-binary,140.70.52.243
58,Ros,Van De Cappelle,rvandecappelle1l@bluehost.com,Genderfluid,79.97.218.150
59,Hedvige,Lassey,hlassey1m@themeforest.net,Agender,62.129.34.83
60,Alfred,Andriolli,aandriolli1n@pcworld.com,Female,90.228.63.45
61,Mord,Jesper,mjesper1o@g.co,Female,191.209.234.95
62,Alfreda,Fellows,afellows1p@alibaba.com,Bigender,160.34.125.41
63,Leonie,Winwright,lwinwright1q@biglobe.ne.jp,Female,239.16.228.22
64,Ebonee,O'Kane,eokane1r@jalbum.net,Female,242.30.222.215
65,Lew,O'Hederscoll,lohederscoll1s@washington.edu,Male,39.39.106.63
66,Dory,Lawrey,dlawrey1t@mashable.com,Male,145.131.199.34
67,Eben,Fruish,efruish1u@twitpic.com,Male,117.129.125.180
68,Horace,Gange,hgange1v@va.gov,Genderfluid,31.133.66.221
69,Merwin,O'Sharry,mosharry1w@soup.io,Genderfluid,104.78.107.19
70,Noah,Pipworth,npipworth1x@stumbleupon.com,Non-binary,59.63.110.176
71,Mirabel,Sparhawk,msparhawk1y@ftc.gov,Non-binary,221.115.10.97
72,Ronny,MacMenamy,rmacmenamy1z@toplist.cz,Bigender,190.42.66.163
73,Chelsie,Beeres,cbeeres20@japanpost.jp,Genderqueer,213.24.9.15
74,Robers,Claringbold,rclaringbold21@163.com,Genderfluid,173.92.221.172
75,Klemens,Cathesyed,kcathesyed22@msu.edu,Genderqueer,10.248.19.14
76,Edd,Ottee,eottee23@mail.ru,Non-binary,168.126.244.162
77,Cyril,Skingley,cskingley24@miitbeian.gov.cn,Non-binary,241.5.56.115
78,Aurore,Grisewood,agrisewood25@yelp.com,Polygender,90.203.212.209
79,Wynn,Hacket,whacket26@exblog.jp,Genderqueer,174.105.202.58
80,Agretha,Stenners,astenners27@shareasale.com,Agender,154.187.234.60
81,Lelah,Crichten,lcrichten28@vkontakte.ru,Genderqueer,219.239.170.36
82,Taylor,McPhillips,tmcphillips29@shutterfly.com,Bigender,197.107.141.97
83,Malinde,Hallward,mhallward2a@irs.gov,Polygender,208.113.47.33
84,Ronny,Villa,rvilla2b@google.ca,Male,117.155.85.240
85,Elia,Hexham,ehexham2c@nhs.uk,Polygender,144.29.8.188
86,Korney,Hanner,khanner2d@blinklist.com,Genderqueer,248.194.62.19
87,Hynda,Pembridge,hpembridge2e@si.edu,Female,252.21.34.246
88,Noak,Croney,ncroney2f@github.com,Agender,50.44.94.131
89,Nady,Fabri,nfabri2g@github.io,Genderfluid,141.209.127.94
90,Lalo,Huriche,lhuriche2h@mtv.com,Non-binary,250.115.176.64
91,Cissy,Standley,cstandley2i@shutterfly.com,Genderqueer,79.91.250.229
92,Zsazsa,Scarr,zscarr2j@disqus.com,Female,149.104.161.48
93,Blinnie,Brookhouse,bbrookhouse2k@yellowpages.com,Bigender,187.68.241.66
94,Lesli,Raffels,lraffels2l@infoseek.co.jp,Polygender,119.143.20.172
95,Chad,Taunton.,ctaunton2m@chicagotribune.com,Genderfluid,211.2.250.57
96,Erica,Edkins,eedkins2n@t.co,Genderqueer,87.227.54.10
97,Teddi,Frensch,tfrensch2o@godaddy.com,Non-binary,70.3.8.131
98,Brittani,Christofol,bchristofol2p@uol.com.br,Female,224.195.85.57
99,Euell,Cashman,ecashman2q@simplemachines.org,Bigender,222.251.199.227
100,Derward,Patnelli,dpatnelli2r@foxnews.com,Agender,28.223.161.151
101,Scarlett,Bimrose,sbimrose2s@cnbc.com,Genderqueer,86.235.225.63
102,Zebulon,Warnes,zwarnes2t@npr.org,Genderqueer,38.147.90.140
103,Judas,Kingshott,jkingshott2u@goo.ne.jp,Polygender,214.22.39.112
104,Marcia,Thurborn,mthurborn2v@google.ca,Polygender,166.111.219.170
105,Romonda,Bissell,rbissell2w@webeden.co.uk,Agender,177.20.62.26
106,Woody,Lawden,wlawden2x@washington.edu,Non-binary,75.28.250.181
107,Roderich,Gateman,rgateman2y@cdbaby.com,Bigender,42.105.146.230
108,Rudiger,Varty,rvarty2z@howstuffworks.com,Genderfluid,86.244.30.177
109,Gusty,MacMakin,gmacmakin30@nih.gov,Polygender,77.56.154.19
110,Eva,Borrott,eborrott31@cyberchimps.com,Genderqueer,253.80.162.115
111,Beniamino,Camacho,bcamacho32@cisco.com,Polygender,141.15.147.7
112,Ninnette,Turpey,nturpey33@ocn.ne.jp,Polygender,126.128.248.199
113,Bernardo,Greatreax,bgreatreax34@cdc.gov,Bigender,238.188.88.102
114,Tildie,Beecroft,tbeecroft35@1und1.de,Non-binary,154.140.140.153
115,Marieann,Camlin,mcamlin36@gravatar.com,Polygender,168.101.85.93
116,Ina,McCalister,imccalister37@sciencedaily.com,Bigender,205.151.67.239
117,Kelila,Bollis,kbollis38@patch.com,Female,28.138.144.233
118,Xymenes,Baake,xbaake39@people.com.cn,Bigender,212.150.237.67
119,Raye,Boolsen,rboolsen3a@uol.com.br,Polygender,136.2.71.56
120,Tracie,Shurrock,tshurrock3b@google.it,Female,35.30.12.47
121,Kelsey,Lockwood,klockwood3c@live.com,Non-binary,55.154.116.235
122,Quillan,Snoxall,qsnoxall3d@fotki.com,Non-binary,248.29.227.173
123,Prue,Donaher,pdonaher3e@europa.eu,Genderfluid,18.65.140.31
124,Mirella,Climance,mclimance3f@facebook.com,Non-binary,203.60.73.110
125,Jacinthe,Dunbar,jdunbar3g@opensource.org,Agender,161.93.128.116
126,Griselda,Domeny,gdomeny3h@netscape.com,Genderfluid,228.222.84.53
127,Dotti,Bouts,dbouts3i@gnu.org,Female,116.195.133.127
128,Romeo,Raulin,rraulin3j@howstuffworks.com,Bigender,96.199.228.78
129,Phillip,Colliford,pcolliford3k@imgur.com,Polygender,30.54.21.13
130,Ricki,Elgee,relgee3l@go.com,Genderfluid,100.14.97.85
131,Hodge,Nettleship,hnettleship3m@amazon.de,Bigender,151.85.133.17
132,Christoffer,Mannock,cmannock3n@archive.org,Genderfluid,169.220.109.253
133,Kessiah,Ray,kray3o@cam.ac.uk,Genderfluid,8.108.208.146
134,Farr,Briscow,fbriscow3p@patch.com,Agender,123.223.35.253
135,Ingrim,MacKim,imackim3q@prweb.com,Non-binary,6.83.255.156
136,Jo,Robatham,jrobatham3r@google.cn,Female,184.15.232.57
137,Alysa,Feighry,afeighry3s@vistaprint.com,Non-binary,81.141.164.133
138,Euphemia,Izzatt,eizzatt3t@walmart.com,Male,97.96.167.252
139,Shoshanna,Dacey,sdacey3u@istockphoto.com,Male,187.17.227.205
140,Ludovico,Luther,lluther3v@kickstarter.com,Genderqueer,238.20.89.207
141,Carmencita,Wigelsworth,cwigelsworth3w@hud.gov,Agender,7.178.119.225
142,Mel,Gautrey,mgautrey3x@usda.gov,Female,180.242.177.70
143,Lyndell,Suero,lsuero3y@tripod.com,Male,1.3.6.195
144,Jess,Cully,jcully3z@yellowbook.com,Male,227.199.237.79
145,Timothea,Lasham,tlasham40@omniture.com,Polygender,192.89.100.252
146,Adelbert,Jahnig,ajahnig41@senate.gov,Non-binary,245.38.175.85
147,Skip,Brackenridge,sbrackenridge42@hostgator.com,Agender,5.35.108.139
148,Skye,Moyle,smoyle43@feedburner.com,Non-binary,105.162.161.102
149,Gearalt,Garnett,ggarnett44@blogs.com,Female,147.78.112.110
150,Cora,Blanchette,cblanchette45@amazon.co.uk,Male,150.192.145.112
151,Pinchas,Doughartie,pdoughartie46@irs.gov,Non-binary,204.63.210.147
152,Chloette,MacShane,cmacshane47@ow.ly,Genderfluid,50.184.173.247
153,Merrill,Pirot,mpirot48@bravesites.com,Agender,237.176.155.118
154,Aveline,Cadman,acadman49@xrea.com,Female,251.77.25.159
155,Ewell,Kuhle,ekuhle4a@free.fr,Genderqueer,31.5.189.48
156,Weylin,Maffini,wmaffini4b@booking.com,Female,187.182.139.42
157,Gerick,Frowde,gfrowde4c@fotki.com,Bigender,58.132.187.103
158,Stefan,Peizer,speizer4d@weather.com,Genderfluid,42.191.191.32
159,Gun,MacHarg,gmacharg4e@icq.com,Polygender,41.231.31.121
160,Angelika,Hearnaman,ahearnaman4f@eventbrite.com,Bigender,132.121.180.26
161,Harbert,Wagen,hwagen4g@tiny.cc,Genderfluid,254.210.218.127
162,Ailbert,Lingley,alingley4h@arizona.edu,Genderfluid,76.14.140.80
163,Ketti,McShea,kmcshea4i@furl.net,Genderfluid,244.94.151.252
164,Lance,Cabotto,lcabotto4j@163.com,Polygender,72.255.225.114
165,Josh,Treagus,jtreagus4k@disqus.com,Polygender,178.100.247.45
166,Jeramie,Mariel,jmariel4l@ftc.gov,Genderfluid,83.232.76.30
167,Guillema,Downing,gdowning4m@vimeo.com,Polygender,148.174.144.34
168,Gabriel,Phillcox,gphillcox4n@surveymonkey.com,Male,155.162.4.26
169,Dirk,Oldmeadow,doldmeadow4o@ezinearticles.com,Agender,214.209.147.201
170,Ennis,Hollingby,ehollingby4p@sakura.ne.jp,Polygender,117.46.29.28
171,Juliane,Luggar,jluggar4q@ycombinator.com,Female,22.167.56.222
172,Kristel,Stonard,kstonard4r@uol.com.br,Female,11.2.30.24
173,Gussi,Huriche,ghuriche4s@wunderground.com,Bigender,12.165.239.8
174,Donielle,Heberden,dheberden4t@qq.com,Male,51.111.171.251
175,Ronny,Putton,rputton4u@canalblog.com,Bigender,247.37.210.97
176,Gwenette,Elvins,gelvins4v@prweb.com,Non-binary,214.113.163.213
177,Deny,Titford,dtitford4w@ftc.gov,Bigender,247.131.82.61
178,Warden,Banke,wbanke4x@dailymotion.com,Bigender,75.80.229.254
179,Wade,Sangwin,wsangwin4y@msn.com,Bigender,179.124.123.9
180,Gilbert,Hubach,ghubach4z@google.cn,Male,172.119.161.30
181,Aloisia,Nizet,anizet50@mayoclinic.com,Polygender,38.168.67.20
182,Vina,Hacquel,vhacquel51@gizmodo.com,Non-binary,116.64.66.142
183,Winifred,Penritt,wpenritt52@globo.com,Agender,120.8.25.239
184,Conway,Von Welldun,cvonwelldun53@dion.ne.jp,Male,236.124.110.16
185,Rozamond,Kimmince,rkimmince54@goo.gl,Polygender,234.51.253.156
186,Gwendolen,MacGuiness,gmacguiness55@networkadvertising.org,Genderqueer,7.141.55.216
187,Scarlett,Jerok,sjerok56@diigo.com,Genderfluid,13.163.35.95
188,Celka,Hiseman,chiseman57@unc.edu,Male,11.164.20.254
189,Helge,Wellan,hwellan58@cmu.edu,Bigender,25.59.173.100
190,Trix,Blamires,tblamires59@japanpost.jp,Genderfluid,129.12.47.9
191,Madelena,Kealey,mkealey5a@nps.gov,Male,51.27.72.222
192,Pancho,Collyer,pcollyer5b@earthlink.net,Agender,159.85.164.69
193,Tommie,Hentzer,thentzer5c@china.com.cn,Genderfluid,159.196.141.200
194,Zabrina,Manneville,zmanneville5d@unblog.fr,Female,66.101.255.112
195,Padgett,Aron,paron5e@paypal.com,Polygender,62.224.67.252
196,Caren,Crose,ccrose5f@opensource.org,Genderfluid,225.247.38.29
197,Thalia,Antonin,tantonin5g@godaddy.com,Agender,181.249.0.8
198,Meredithe,Brelsford,mbrelsford5h@webnode.com,Non-binary,65.20.84.182
199,Scotti,Stadden,sstadden5i@xrea.com,Bigender,174.207.146.76
200,Ricard,Arnholdt,rarnholdt5j@spiegel.de,Genderfluid,139.239.100.130
201,Collen,Vlasenko,cvlasenko5k@mozilla.org,Genderqueer,125.46.49.62
202,Koral,Gretham,kgretham5l@cloudflare.com,Agender,210.232.178.196
203,Yorgos,Tumilty,ytumilty5m@wiley.com,Genderqueer,174.119.43.162
204,Willie,Hellwig,whellwig5n@vistaprint.com,Non-binary,3.5.203.66
205,Marwin,Kiehl,mkiehl5o@typepad.com,Female,149.178.128.69
206,Ange,Swinfon,aswinfon5p@nationalgeographic.com,Polygender,121.173.248.118
207,Early,Rossant,erossant5q@hugedomains.com,Non-binary,242.42.184.217
208,Daffie,Fuchs,dfuchs5r@wiley.com,Agender,107.25.104.155
209,Etheline,Huish,ehuish5s@timesonline.co.uk,Genderqueer,203.255.154.1
210,Robinett,Clemson,rclemson5t@pbs.org,Agender,240.189.187.99
211,Lethia,Kezourec,lkezourec5u@thetimes.co.uk,Polygender,198.99.83.160
212,Feliza,Fley,ffley5v@redcross.org,Genderqueer,109.195.41.200
213,Joey,Hayzer,jhayzer5w@sogou.com,Male,18.180.173.79
214,Louella,Drew,ldrew5x@soup.io,Polygender,169.72.196.237
215,Rustie,Clougher,rclougher5y@noaa.gov,Polygender,166.115.201.15
216,Clemens,Mitkin,cmitkin5z@devhub.com,Agender,27.63.238.93
217,Alphonse,Mulgrew,amulgrew60@senate.gov,Agender,183.59.151.162
218,Ealasaid,Berget,eberget61@hud.gov,Female,11.187.120.3
219,Laird,Frangello,lfrangello62@i2i.jp,Bigender,74.45.202.157
220,Kristine,Chinnery,kchinnery63@auda.org.au,Agender,36.69.107.235
221,Eberhard,Mapholm,emapholm64@aboutads.info,Agender,69.2.134.19
222,Martica,Cajkler,mcajkler65@angelfire.com,Male,88.6.183.213
223,Iseabal,Pirdy,ipirdy66@google.co.jp,Bigender,159.182.94.32
224,Daile,Liven,dliven67@opera.com,Agender,204.117.39.64
225,Adamo,Symper,asymper68@blogtalkradio.com,Genderfluid,199.66.254.100
226,Sybila,MacLaughlin,smaclaughlin69@cam.ac.uk,Genderfluid,161.110.96.33
227,Beniamino,Lammas,blammas6a@icio.us,Genderfluid,56.204.91.55
228,Melosa,Urien,murien6b@vistaprint.com,Non-binary,33.88.133.77
229,Klemens,Manuello,kmanuello6c@bing.com,Bigender,39.55.98.112
230,Rab,Foffano,rfoffano6d@cloudflare.com,Male,124.155.103.115
231,Daniela,Hutchens,dhutchens6e@nasa.gov,Agender,84.92.137.205
232,Cami,Rivers,crivers6f@youtu.be,Bigender,115.132.32.195
233,Antonio,Sandhill,asandhill6g@parallels.com,Non-binary,220.176.208.49
234,Benedict,O'Corrane,bocorrane6h@geocities.com,Polygender,171.195.157.198
235,Chance,Gyves,cgyves6i@meetup.com,Female,116.158.142.3
236,Arther,Domegan,adomegan6j@bloglines.com,Agender,62.6.109.164
237,Amy,Sainz,asainz6k@oracle.com,Polygender,68.106.7.61
238,Ivory,McGilmartin,imcgilmartin6l@fc2.com,Genderfluid,177.3.96.198
239,Eveline,Volk,evolk6m@jiathis.com,Agender,112.39.85.120
240,Myriam,Lardnar,mlardnar6n@comcast.net,Female,113.75.244.135
241,Minni,Saphin,msaphin6o@apple.com,Male,207.236.81.126
242,Demetris,Causier,dcausier6p@noaa.gov,Non-binary,146.148.6.211
243,Sibel,Garment,sgarment6q@addthis.com,Genderfluid,168.22.108.249
244,Gilberta,Nucci,gnucci6r@reference.com,Agender,132.106.193.111
245,Gibbie,Gilogly,ggilogly6s@google.com.hk,Male,103.79.41.176
246,Annamaria,Boyce,aboyce6t@infoseek.co.jp,Genderfluid,241.245.128.253
247,Corilla,Bennitt,cbennitt6u@biglobe.ne.jp,Genderqueer,165.225.184.147
248,Sancho,Kiddie,skiddie6v@sitemeter.com,Non-binary,12.58.52.210
249,Elisa,Stuchbury,estuchbury6w@samsung.com,Agender,36.210.122.58
250,Monroe,Ickowics,mickowics6x@eepurl.com,Genderqueer,163.86.207.203
251,Oren,Tousy,otousy6y@blogspot.com,Non-binary,115.193.42.55
252,Elwira,Laughlin,elaughlin6z@xrea.com,Female,11.201.2.73
253,Adela,Rodenborch,arodenborch70@4shared.com,Non-binary,93.37.133.38
254,Kat,Wressell,kwressell71@4shared.com,Polygender,226.21.153.237
255,Ellwood,Tench,etench72@cafepress.com,Female,177.132.230.8
256,Merrill,Halcro,mhalcro73@ovh.net,Genderfluid,135.11.162.30
257,Roth,Barton,rbarton74@seesaa.net,Male,156.248.17.20
258,Shana,Beert,sbeert75@com.com,Non-binary,91.36.37.221
259,Lester,Hunnisett,lhunnisett76@japanpost.jp,Agender,48.158.221.148
260,Car,Beek,cbeek77@printfriendly.com,Male,241.153.17.172
261,Carr,Standrin,cstandrin78@prlog.org,Female,61.204.193.52
262,Monroe,Bartolomeu,mbartolomeu79@google.com,Male,100.130.118.141
263,Seth,Feldstein,sfeldstein7a@aol.com,Polygender,150.163.86.173
264,Jermaine,Murch,jmurch7b@cornell.edu,Polygender,200.90.109.124
265,Briano,Nealand,bnealand7c@google.com.br,Agender,71.239.104.30
266,Caty,Darey,cdarey7d@nbcnews.com,Genderfluid,78.144.253.183
267,Marje,Mantha,mmantha7e@nature.com,Male,169.162.217.162
268,Chilton,Jedrychowski,cjedrychowski7f@163.com,Genderqueer,89.90.19.182
269,Beauregard,Christauffour,bchristauffour7g@parallels.com,Polygender,66.190.213.43
270,Major,Guitte,mguitte7h@arizona.edu,Male,83.211.187.3
271,Barnie,Lahy,blahy7i@naver.com,Female,129.135.113.84
272,Angelina,McAlpin,amcalpin7j@csmonitor.com,Female,153.103.250.164
273,Drucy,Pakes,dpakes7k@ameblo.jp,Polygender,73.31.201.122
274,Cindie,Laundon,claundon7l@ustream.tv,Female,186.79.130.126
275,Cherish,Plain,cplain7m@angelfire.com,Non-binary,71.241.95.188
276,Gertrudis,Hirsch,ghirsch7n@google.it,Genderfluid,97.178.78.204
277,Sayre,Pontin,spontin7o@w3.org,Bigender,74.16.132.167
278,Thomasa,Weiner,tweiner7p@diigo.com,Bigender,4.92.26.236
279,Liam,Gethen,lgethen7q@studiopress.com,Agender,223.109.33.196
280,Marianna,Kingerby,mkingerby7r@edublogs.org,Bigender,223.170.234.104
281,Cherilyn,Meeus,cmeeus7s@youtube.com,Bigender,203.67.200.160
282,Demetris,Haugg,dhaugg7t@ucoz.ru,Polygender,238.92.235.135
283,Venita,Antao,vantao7u@dedecms.com,Genderfluid,83.229.131.76
284,Selia,Hailwood,shailwood7v@cbslocal.com,Genderfluid,115.120.43.96
285,Emili,Matokhnin,ematokhnin7w@businessinsider.com,Male,120.185.32.200
286,Ringo,Grzegorek,rgrzegorek7x@deviantart.com,Non-binary,234.199.111.210
287,Harriott,Moulson,hmoulson7y@soup.io,Genderqueer,115.86.122.86
288,Andie,Grigore,agrigore7z@ebay.com,Agender,178.70.222.228
289,Nadean,Larciere,nlarciere80@wordpress.org,Female,197.158.190.55
290,Omero,Navan,onavan81@reference.com,Agender,4.68.12.87
291,Rachel,Bodker,rbodker82@hp.com,Genderfluid,173.97.132.102
292,Vinni,Easter,veaster83@weebly.com,Male,13.14.141.67
293,Thomasina,Aksell,taksell84@ucoz.com,Genderfluid,189.131.81.41
294,Fina,Knappitt,fknappitt85@ezinearticles.com,Polygender,155.247.210.88
295,Opaline,Beckerleg,obeckerleg86@pen.io,Agender,248.176.45.48
296,Maryanne,Gillaspy,mgillaspy87@wunderground.com,Bigender,22.227.145.143
297,Chip,Burder,cburder88@boston.com,Polygender,244.106.22.112
298,Calley,Gristhwaite,cgristhwaite89@yellowpages.com,Male,180.118.88.141
299,Rafferty,Hovell,rhovell8a@latimes.com,Genderqueer,13.156.185.4
300,Sharlene,Kilmartin,skilmartin8b@dmoz.org,Agender,175.77.175.157
301,Janaye,Jadczak,jjadczak8c@usatoday.com,Male,58.44.76.48
302,Wit,Arnhold,warnhold8d@livejournal.com,Polygender,55.13.59.61
303,Charmane,Regus,cregus8e@wikimedia.org,Genderfluid,41.50.56.255
304,Eben,Remington,eremington8f@stumbleupon.com,Agender,189.187.138.183
305,Yetta,Winsom,ywinsom8g@aboutads.info,Genderfluid,170.226.193.211
306,Had,Atrill,hatrill8h@tmall.com,Genderfluid,32.248.145.3
307,Celestine,Beringer,cberinger8i@deviantart.com,Female,205.187.123.155
308,Shalom,Hirtz,shirtz8j@google.de,Bigender,185.133.100.227
309,Parke,Diss,pdiss8k@goodreads.com,Genderfluid,206.179.87.150
310,Ash,Cochet,acochet8l@usnews.com,Genderfluid,28.63.4.131
311,Winnie,Yeskov,wyeskov8m@reference.com,Genderfluid,199.7.76.96
312,Isahella,Boughtwood,iboughtwood8n@ebay.com,Female,125.4.228.227
313,Philomena,Sedgefield,psedgefield8o@shinystat.com,Non-binary,54.227.167.142
314,Olia,Philippon,ophilippon8p@fc2.com,Bigender,194.242.143.147
315,Howie,Delahunt,hdelahunt8q@e-recht24.de,Bigender,44.195.87.109
316,Moss,Gosse,mgosse8r@360.cn,Non-binary,138.83.41.247
317,Silvie,Grishakin,sgrishakin8s@cnbc.com,Bigender,206.18.25.61
318,Kristos,Walwood,kwalwood8t@china.com.cn,Male,22.10.163.220
319,Trefor,Howis,thowis8u@blog.com,Polygender,217.4.206.20
320,Kissiah,Enocksson,kenocksson8v@state.gov,Bigender,118.141.208.108
321,Faydra,Hadkins,fhadkins8w@pbs.org,Non-binary,249.32.221.1
322,Remington,Woofinden,rwoofinden8x@addthis.com,Genderqueer,201.47.254.146
323,Ronalda,Bastable,rbastable8y@discovery.com,Genderfluid,142.248.149.5
324,Bernice,Feaveer,bfeaveer8z@a8.net,Male,186.64.148.12
325,Peri,Bushrod,pbushrod90@ocn.ne.jp,Bigender,7.171.79.252
326,Jeana,Mather,jmather91@dailymotion.com,Agender,47.90.13.238
327,Emery,Tailour,etailour92@narod.ru,Polygender,164.133.194.182
328,Rosie,Keates,rkeates93@blogspot.com,Genderqueer,198.22.123.94
329,Raviv,Brunstan,rbrunstan94@typepad.com,Genderfluid,191.184.153.214
330,Mary,Rutigliano,mrutigliano95@ocn.ne.jp,Polygender,184.193.215.147
331,Baxie,Studders,bstudders96@comcast.net,Agender,182.53.80.66
332,Gwynne,Edger,gedger97@barnesandnoble.com,Female,200.68.41.186
333,Mahala,Jirak,mjirak98@home.pl,Polygender,14.49.4.221
334,Karna,Blaschek,kblaschek99@samsung.com,Genderfluid,77.0.106.7
335,Faythe,Edghinn,fedghinn9a@furl.net,Genderqueer,17.156.110.0
336,Hale,Wermerling,hwermerling9b@youtube.com,Male,21.56.219.128
337,Isidore,Flaunders,iflaunders9c@independent.co.uk,Non-binary,28.5.51.117
338,Clo,Woolstenholmes,cwoolstenholmes9d@xrea.com,Polygender,22.181.176.229
339,Arlee,Brownsword,abrownsword9e@google.ca,Bigender,212.129.113.211
340,Henri,Simoneau,hsimoneau9f@geocities.com,Genderfluid,117.68.220.23
341,Muhammad,Spoole,mspoole9g@mac.com,Male,150.97.206.98
342,Mina,Bealton,mbealton9h@wisc.edu,Bigender,190.105.52.134
343,Randene,Seatter,rseatter9i@tripadvisor.com,Bigender,75.56.60.253
344,Dena,Dunckley,ddunckley9j@drupal.org,Non-binary,81.113.26.253
345,Florella,MacEveley,fmaceveley9k@shutterfly.com,Bigender,222.42.217.9
346,Farrel,Hughes,fhughes9l@bloglovin.com,Bigender,89.173.24.96
347,Butch,Giovannini,bgiovannini9m@berkeley.edu,Genderfluid,24.95.173.187
348,Roley,Tunnicliffe,rtunnicliffe9n@scientificamerican.com,Agender,224.191.231.166
349,Rozamond,Beneix,rbeneix9o@nydailynews.com,Genderqueer,164.41.5.32
350,Dylan,Mountfort,dmountfort9p@hp.com,Genderfluid,149.186.142.227
351,Nola,Housbie,nhousbie9q@usgs.gov,Female,106.153.169.238
352,Ann-marie,Allerton,aallerton9r@w3.org,Polygender,138.194.40.229
353,Mona,Yabsley,myabsley9s@prlog.org,Genderqueer,7.154.246.70
354,Tabbie,Arpino,tarpino9t@gnu.org,Genderqueer,131.20.12.30
355,Lyman,Le Grice,llegrice9u@google.it,Female,137.130.232.100
356,Federico,Tomlett,ftomlett9v@yahoo.com,Agender,251.166.218.27
357,Garland,Guido,gguido9w@wufoo.com,Female,201.246.150.72
358,Renee,MacCrann,rmaccrann9x@furl.net,Non-binary,84.149.232.247
359,Isa,O Mullen,iomullen9y@cornell.edu,Bigender,149.149.189.220
360,Louisa,Jardin,ljardin9z@irs.gov,Male,65.217.171.149
361,Shani,Brooks,sbrooksa0@sitemeter.com,Non-binary,131.95.151.218
362,Hermann,Hixley,hhixleya1@go.com,Male,33.173.121.102
363,Marsiella,Kennerknecht,mkennerknechta2@google.co.uk,Genderfluid,53.193.3.85
364,Pete,Ousley,pousleya3@angelfire.com,Polygender,93.213.79.22
365,Johnathon,Suggate,jsuggatea4@tripadvisor.com,Polygender,210.89.70.3
366,Nealon,Giovannelli,ngiovannellia5@canalblog.com,Male,248.67.234.153
367,Jorie,Kamena,jkamenaa6@latimes.com,Polygender,159.158.128.133
368,Krishna,Pesselt,kpesselta7@java.com,Agender,79.96.77.201
369,Tibold,Mattheus,tmattheusa8@jugem.jp,Non-binary,195.36.71.33
370,Tabbatha,Hundell,thundella9@bloglovin.com,Bigender,59.135.211.207
371,Reid,Unsworth,runsworthaa@narod.ru,Polygender,185.143.216.99
372,Anselma,McIlreavy,amcilreavyab@boston.com,Male,53.180.103.74
373,Marty,Clunie,mclunieac@bbc.co.uk,Agender,99.166.217.160
374,Jeremy,Goldwater,jgoldwaterad@wiley.com,Genderfluid,238.48.239.16
375,Templeton,Bonney,tbonneyae@topsy.com,Bigender,255.193.42.62
376,Rancell,Haddington,rhaddingtonaf@elpais.com,Bigender,200.167.93.160
377,Gregorius,Marklund,gmarklundag@disqus.com,Genderfluid,79.87.245.206
378,Tuesday,Eakin,teakinah@parallels.com,Agender,148.231.206.60
379,George,Spritt,gsprittai@gizmodo.com,Agender,151.63.37.255
380,Clary,Rosenfeld,crosenfeldaj@homestead.com,Genderqueer,59.139.133.97
381,Linea,Bernardeau,lbernardeauak@so-net.ne.jp,Genderqueer,226.17.204.144
382,Vanna,Tames,vtamesal@unc.edu,Genderfluid,231.234.7.119
383,Margi,Chitham,mchithamam@bloglines.com,Polygender,50.108.44.252
384,Patten,Boreland,pborelandan@bloglovin.com,Bigender,120.28.19.255
385,Rolland,Chaudhry,rchaudhryao@ifeng.com,Bigender,93.2.35.146
386,Keeley,Marchello,kmarchelloap@slideshare.net,Non-binary,145.17.138.93
387,Edee,Champken,echampkenaq@spotify.com,Polygender,230.102.228.142
388,Latisha,O'Spillane,lospillanear@about.com,Polygender,207.125.40.72
389,Portia,Sommerled,psommerledas@answers.com,Bigender,25.212.143.144
390,Gal,Redholls,gredhollsat@bbb.org,Male,163.101.14.79
391,Koren,Attoc,kattocau@adobe.com,Genderqueer,165.206.70.168
392,Marchall,Notman,mnotmanav@berkeley.edu,Genderqueer,200.152.99.168
393,Drusie,Calow,dcalowaw@chron.com,Genderfluid,251.98.57.17
394,Romonda,Raubheim,rraubheimax@discovery.com,Male,202.179.221.175
395,Darnall,Frankema,dfrankemaay@google.pl,Non-binary,10.221.5.86
396,Judon,Winear,jwinearaz@newyorker.com,Genderfluid,199.55.219.79
397,Saree,Raper,sraperb0@umn.edu,Female,237.92.17.67
398,Harlene,Menat,hmenatb1@yellowbook.com,Male,228.242.170.165
399,Bendicty,Happel,bhappelb2@rambler.ru,Female,255.47.45.22
400,Rodrique,Jeune,rjeuneb3@omniture.com,Male,200.41.112.80
401,Starlene,Croser,scroserb4@tamu.edu,Genderfluid,168.193.120.149
402,Corbie,Shimon,cshimonb5@wired.com,Bigender,16.209.64.72
403,Shay,Corah,scorahb6@umn.edu,Female,127.195.106.128
404,Beilul,Salt,bsaltb7@tuttocitta.it,Male,156.154.129.37
405,Brenda,Cuberley,bcuberleyb8@nih.gov,Bigender,245.242.25.23
406,Rosa,Leggat,rleggatb9@epa.gov,Non-binary,71.6.96.220
407,Jemmie,Issett,jissettba@arizona.edu,Non-binary,157.165.47.70
408,Odey,Chiverstone,ochiverstonebb@pbs.org,Agender,213.134.234.27
409,Rosabelle,Masse,rmassebc@ucoz.com,Agender,231.150.166.161
410,Osgood,Galliver,ogalliverbd@tripod.com,Agender,211.191.193.100
411,Hi,Pittway,hpittwaybe@sina.com.cn,Female,142.254.24.173
412,Shoshana,Busch,sbuschbf@columbia.edu,Polygender,185.217.98.240
413,Bevvy,Godson,bgodsonbg@123-reg.co.uk,Agender,12.11.201.191
414,Berkeley,Wozencraft,bwozencraftbh@nbcnews.com,Non-binary,242.136.17.105
415,Leigha,Pottery,lpotterybi@prnewswire.com,Genderqueer,245.111.19.204
416,Bari,Tzar,btzarbj@shutterfly.com,Genderfluid,3.151.43.25
417,Park,Iban,pibanbk@over-blog.com,Agender,3.222.245.118
418,Sammy,Jeannel,sjeannelbl@sakura.ne.jp,Non-binary,0.240.250.155
419,Ashley,Gauler,agaulerbm@nature.com,Polygender,119.86.73.198
420,Blaine,Balog,bbalogbn@chronoengine.com,Polygender,240.95.119.67
421,Roobbie,Humpage,rhumpagebo@columbia.edu,Agender,20.200.100.161
422,Dal,Attride,dattridebp@upenn.edu,Non-binary,181.180.227.198
423,Jason,Pritchett,jpritchettbq@mediafire.com,Genderqueer,76.49.102.226
424,Anne-marie,Children,achildrenbr@exblog.jp,Agender,101.17.115.203
425,Malynda,Kyston,mkystonbs@ebay.co.uk,Agender,20.136.143.94
426,Blake,Varey,bvareybt@blog.com,Genderqueer,51.160.164.226
427,Karoly,De Leek,kdeleekbu@ihg.com,Genderqueer,26.121.154.17
428,Bobinette,Masurel,bmasurelbv@eventbrite.com,Male,15.129.76.123
429,Liam,Ingles,linglesbw@last.fm,Genderfluid,209.146.208.108
430,Misha,Fragino,mfraginobx@columbia.edu,Genderfluid,136.10.159.152
431,Doralynn,Dimmne,ddimmneby@indiegogo.com,Agender,255.145.128.122
432,Ralph,Morrallee,rmorralleebz@nymag.com,Agender,227.46.35.70
433,Gabey,Tesche,gteschec0@usgs.gov,Polygender,250.124.51.106
434,Catha,Huddleston,chuddlestonc1@bluehost.com,Genderfluid,160.64.28.145
435,Sandro,Thomel,sthomelc2@t.co,Genderfluid,24.248.226.56
436,Mamie,Cadogan,mcadoganc3@sina.com.cn,Non-binary,250.91.82.143
437,Twila,Rigbye,trigbyec4@icio.us,Bigender,106.157.222.210
438,Cariotta,Gatehouse,cgatehousec5@google.com.br,Non-binary,249.141.41.232
439,Beverlie,Novik,bnovikc6@topsy.com,Agender,56.246.4.12
440,Myranda,Kem,mkemc7@unesco.org,Agender,186.115.20.34
441,Johnath,Mauditt,jmaudittc8@qq.com,Non-binary,243.25.154.139
442,Kelly,Blare,kblarec9@ft.com,Agender,134.137.59.250
443,Mart,Carling,mcarlingca@jigsy.com,Polygender,216.84.119.148
444,Albie,Golbourn,agolbourncb@liveinternet.ru,Male,163.254.240.40
445,Amalie,Lloyds,alloydscc@macromedia.com,Bigender,95.97.216.232
446,Effie,Treeby,etreebycd@over-blog.com,Genderqueer,117.54.181.72
447,Dinny,Adicot,dadicotce@umich.edu,Agender,39.149.252.97
448,Janie,Ludford,jludfordcf@nasa.gov,Bigender,31.79.194.10
449,Hubey,Hamblin,hhamblincg@com.com,Male,21.88.150.124
450,Kim,Feathers,kfeathersch@theglobeandmail.com,Genderfluid,155.89.94.31
451,Jewelle,MacShirrie,jmacshirrieci@google.fr,Agender,243.152.157.230
452,Lexis,Keld,lkeldcj@miibeian.gov.cn,Genderfluid,32.245.61.246
453,Shanda,Harkus,sharkusck@nbcnews.com,Bigender,44.171.249.175
454,Hadria,Tomalin,htomalincl@jigsy.com,Non-binary,169.63.157.220
455,Mahalia,Arnfield,marnfieldcm@upenn.edu,Genderfluid,150.186.157.183
456,Renee,Wimpenny,rwimpennycn@cdc.gov,Agender,20.94.252.5
457,Antonetta,Marshall,amarshallco@biglobe.ne.jp,Male,30.58.217.135
458,Denny,Hort,dhortcp@independent.co.uk,Male,145.246.209.211
459,Dene,Crowder,dcrowdercq@nature.com,Female,0.73.116.53
460,Eyde,Dixcey,edixceycr@cbsnews.com,Polygender,46.195.200.37
461,Caroline,Jerrand,cjerrandcs@friendfeed.com,Genderqueer,46.247.222.135
462,Darda,Dibley,ddibleyct@redcross.org,Non-binary,220.197.196.130
463,Daveta,Beecheno,dbeechenocu@linkedin.com,Genderfluid,74.121.237.75
464,Melva,Rabat,mrabatcv@baidu.com,Female,173.51.88.98
465,Mackenzie,Barlas,mbarlascw@is.gd,Non-binary,54.32.15.71
466,Sapphire,Caveill,scaveillcx@si.edu,Genderqueer,1.55.205.242
467,Consolata,Iliffe,ciliffecy@histats.com,Female,104.46.43.188
468,Emalee,Crosgrove,ecrosgrovecz@apple.com,Bigender,62.220.220.65
469,Una,Hiley,uhileyd0@google.co.jp,Agender,118.171.40.185
470,Brucie,Stagge,bstagged1@usatoday.com,Bigender,95.159.161.60
471,Uriah,Ivasechko,uivasechkod2@forbes.com,Male,196.143.131.254
472,Adelind,Rummins,arumminsd3@cloudflare.com,Genderqueer,112.32.147.104
473,Rufus,Kelly,rkellyd4@spotify.com,Male,64.40.234.6
474,Skipper,Berkowitz,sberkowitzd5@latimes.com,Bigender,193.158.242.209
475,Patton,Savoury,psavouryd6@techcrunch.com,Genderfluid,182.229.214.82
476,Thekla,Maha,tmahad7@state.gov,Polygender,207.251.238.144
477,Kerwin,Golborn,kgolbornd8@ucoz.ru,Genderqueer,255.29.237.45
478,Davis,Corradeschi,dcorradeschid9@4shared.com,Female,38.250.75.239
479,Skipp,Summerley,ssummerleyda@timesonline.co.uk,Non-binary,238.34.228.127
480,Ulrikaumeko,Ronan,uronandb@washingtonpost.com,Genderqueer,244.167.86.88
481,Natal,Di Napoli,ndinapolidc@youtube.com,Male,255.230.44.129
482,Delmer,Tolossi,dtolossidd@shareasale.com,Non-binary,89.188.227.55
483,Babb,Americi,bamericide@slate.com,Polygender,16.126.87.77
484,Hyacinthie,Aleksankov,haleksankovdf@sciencedaily.com,Polygender,162.60.148.224
485,Helaine,Roderham,hroderhamdg@merriam-webster.com,Genderfluid,5.72.27.39
486,Olympia,Deeves,odeevesdh@sina.com.cn,Non-binary,44.76.69.12
487,Corinne,Twiddle,ctwiddledi@newsvine.com,Genderqueer,43.77.73.42
488,Orren,Vanichkin,ovanichkindj@angelfire.com,Female,105.208.207.246
489,Northrup,Olding,noldingdk@unc.edu,Male,139.158.104.234
490,Fleur,Raspel,fraspeldl@tuttocitta.it,Genderfluid,9.189.69.51
491,Idalina,Howling,ihowlingdm@ucoz.com,Genderfluid,48.181.160.62
492,Andrei,Steade,asteadedn@tumblr.com,Genderqueer,53.230.241.173
493,Felike,Lewtey,flewteydo@weibo.com,Agender,48.7.223.39
494,Elisabet,Bertholin,ebertholindp@go.com,Male,212.52.227.121
495,Sheelah,Wallage,swallagedq@webmd.com,Genderfluid,236.192.23.163
496,Conny,Robion,crobiondr@independent.co.uk,Bigender,136.41.255.43
497,Derrick,Lubeck,dlubeckds@hugedomains.com,Non-binary,43.24.171.32
498,Morgan,Morston,mmorstondt@cdbaby.com,Bigender,111.175.81.42
499,Margit,Fulloway,mfullowaydu@hatena.ne.jp,Bigender,4.30.221.201
500,Carmine,Marle,cmarledv@fc2.com,Male,197.151.252.184
501,Corly,Elsmor,celsmordw@alibaba.com,Polygender,183.180.15.96
502,Zita,Tackett,ztackettdx@hugedomains.com,Genderqueer,1.152.42.237
503,Homerus,Stiell,hstielldy@irs.gov,Genderqueer,56.152.99.93
504,Clyve,Gounot,cgounotdz@amazon.co.jp,Bigender,91.113.112.99
505,Gloriane,Huckerby,ghuckerbye0@washingtonpost.com,Male,221.117.242.253
506,Rycca,Boone,rboonee1@tripod.com,Female,21.84.171.98
507,Nicko,Hawler,nhawlere2@paypal.com,Agender,21.62.150.1
508,Shelby,Asser,sassere3@ihg.com,Agender,151.108.46.36
509,Rees,Eastwell,reastwelle4@psu.edu,Agender,184.196.139.93
510,Phylis,Scambler,pscamblere5@squarespace.com,Genderqueer,3.254.179.60
511,Charissa,Mollon,cmollone6@usnews.com,Polygender,163.230.94.184
512,Ashleigh,Vedstra,avedstrae7@weebly.com,Polygender,187.91.38.70
513,Archibold,Tadd,atadde8@yahoo.co.jp,Agender,159.74.175.78
514,Kale,Catto,kcattoe9@amazon.co.jp,Non-binary,224.124.145.114
515,Alexis,Trace,atraceea@google.co.uk,Polygender,180.27.85.153
516,Vitoria,Shevlin,vshevlineb@theatlantic.com,Male,136.10.115.84
517,Alejandrina,Ivens,aivensec@mediafire.com,Bigender,183.238.167.233
518,Hatti,Denkin,hdenkined@wufoo.com,Agender,165.60.102.134
519,Georgiana,Becerra,gbecerraee@opensource.org,Genderfluid,140.129.24.163
520,Karyn,Cray,kcrayef@bandcamp.com,Genderfluid,193.241.60.212
521,Giulio,Breckenridge,gbreckenridgeeg@nifty.com,Polygender,127.24.25.102
522,Bartholomew,Jakubowsky,bjakubowskyeh@mtv.com,Polygender,224.156.144.244
523,Kessiah,Lengthorn,klengthornei@miitbeian.gov.cn,Polygender,69.164.88.178
524,Jeremie,Fairham,jfairhamej@instagram.com,Polygender,59.53.132.170
525,Tillie,Liptrod,tliptrodek@behance.net,Male,187.42.225.126
526,Webster,Pashe,wpasheel@blogspot.com,Genderqueer,242.109.200.12
527,Lizbeth,Buckthorp,lbuckthorpem@reverbnation.com,Female,227.45.84.239
528,Elnore,Ivakin,eivakinen@uol.com.br,Male,61.156.233.100
529,Tadio,Nockells,tnockellseo@yahoo.com,Genderqueer,239.163.81.27
530,Roxy,O'Nions,ronionsep@indiatimes.com,Non-binary,240.23.195.214
531,Nadya,Keepin,nkeepineq@berkeley.edu,Non-binary,56.233.223.134
532,Westleigh,Hillum,whillumer@youtube.com,Female,236.248.54.81
533,Auroora,Simonyi,asimonyies@dion.ne.jp,Agender,79.112.102.233
534,Lauren,Thornborrow,lthornborrowet@telegraph.co.uk,Genderfluid,52.93.127.84
535,Vitia,Benitez,vbenitezeu@mail.ru,Genderqueer,30.193.128.40
536,Alli,Foulds,afouldsev@opera.com,Agender,127.152.41.251
537,Rip,MacGillicuddy,rmacgillicuddyew@wikispaces.com,Male,180.126.8.91
538,Yanaton,MacCaig,ymaccaigex@virginia.edu,Genderqueer,143.52.243.83
539,Drud,Zorzoni,dzorzoniey@last.fm,Genderfluid,99.228.198.121
540,Clary,Skaife d'Ingerthorpe,cskaifedingerthorpeez@tinyurl.com,Agender,180.215.63.154
541,Fae,Neale,fnealef0@godaddy.com,Polygender,81.93.72.62
542,Brigg,Bedboro,bbedborof1@theguardian.com,Genderqueer,67.134.112.68
543,Brigg,Zapater,bzapaterf2@clickbank.net,Bigender,192.231.21.40
544,Ricoriki,Biasio,rbiasiof3@geocities.com,Non-binary,73.135.162.53
545,Patty,Draude,pdraudef4@biblegateway.com,Non-binary,218.30.220.98
546,Morrie,Gemelli,mgemellif5@taobao.com,Bigender,204.94.115.5
547,Lindsay,Beggio,lbeggiof6@tripod.com,Genderqueer,107.7.209.92
548,Hugh,Raffon,hraffonf7@ibm.com,Polygender,164.177.229.241
549,Bettye,Node,bnodef8@eepurl.com,Bigender,254.207.157.62
550,Aurore,Shobbrook,ashobbrookf9@census.gov,Genderfluid,211.142.54.113
551,Allyn,Marciskewski,amarciskewskifa@stumbleupon.com,Non-binary,49.189.22.208
552,Tristam,Dumblton,tdumbltonfb@w3.org,Female,35.223.3.178
553,Abbott,Pentony,apentonyfc@jugem.jp,Genderqueer,77.81.187.215
554,Grier,Healks,ghealksfd@networksolutions.com,Agender,92.105.51.237
555,Earvin,Teck,eteckfe@nps.gov,Genderfluid,207.164.97.91
556,King,Bucknell,kbucknellff@phpbb.com,Female,145.128.145.119
557,Addy,Norfolk,anorfolkfg@xrea.com,Male,105.147.111.175
558,Kala,Ferrillio,kferrilliofh@booking.com,Bigender,250.206.118.55
559,Kelila,Lindman,klindmanfi@moonfruit.com,Genderfluid,149.190.203.73
560,Dean,Claydon,dclaydonfj@360.cn,Genderfluid,35.78.141.147
561,Evin,Marshfield,emarshfieldfk@mozilla.com,Bigender,113.195.93.24
562,Edouard,Hagart,ehagartfl@spotify.com,Polygender,150.114.99.212
563,Linn,Sancho,lsanchofm@wsj.com,Female,61.227.156.26
564,Vasilis,Grimmett,vgrimmettfn@cbc.ca,Agender,193.78.104.2
565,Eloisa,Gregorace,egregoracefo@weibo.com,Male,175.195.140.162
566,Adamo,Blasing,ablasingfp@ocn.ne.jp,Genderqueer,103.91.70.104
567,Clarinda,Speeding,cspeedingfq@usnews.com,Polygender,114.0.197.217
568,Alister,Cripps,acrippsfr@ucsd.edu,Genderfluid,94.133.103.247
569,Gwendolen,Hurst,ghurstfs@dedecms.com,Agender,139.182.156.197
570,Mord,Anfonsi,manfonsift@prlog.org,Agender,57.92.235.158
571,Conway,Ranns,crannsfu@paypal.com,Male,147.184.179.20
572,Kennan,Hadlington,khadlingtonfv@goo.ne.jp,Genderqueer,115.10.248.81
573,Ira,Kingshott,ikingshottfw@sphinn.com,Polygender,79.15.72.23
574,Finley,Whitmore,fwhitmorefx@163.com,Male,169.181.90.107
575,Naomi,Dragon,ndragonfy@nytimes.com,Female,50.25.35.54
576,Angele,Springall,aspringallfz@cocolog-nifty.com,Female,235.125.250.88
577,Grange,Kilmartin,gkilmarting0@istockphoto.com,Agender,126.209.204.107
578,Merrili,Balden,mbaldeng1@pcworld.com,Polygender,87.121.252.191
579,Randie,Chillistone,rchillistoneg2@networkadvertising.org,Agender,127.132.234.93
580,Erena,Boulger,eboulgerg3@cnbc.com,Male,33.69.218.180
581,Dory,Gibbins,dgibbinsg4@china.com.cn,Bigender,89.196.105.54
582,Elianore,Overton,eovertong5@ucoz.ru,Agender,133.55.241.40
583,Simona,Daniells,sdaniellsg6@technorati.com,Non-binary,23.57.97.2
584,Tedd,Remon,tremong7@chronoengine.com,Genderqueer,250.112.143.58
585,Sidonia,Steanson,ssteansong8@bloglovin.com,Agender,112.176.64.135
586,Amara,Reames,areamesg9@people.com.cn,Male,166.54.202.223
587,Enrico,Cotton,ecottonga@pbs.org,Agender,126.74.74.179
588,Ruby,Splaven,rsplavengb@admin.ch,Female,125.92.1.117
589,Gregg,Hayhoe,ghayhoegc@discuz.net,Bigender,42.6.99.146
590,Brooks,Hammatt,bhammattgd@bloglovin.com,Non-binary,197.43.227.171
591,Cristian,Drieu,cdrieuge@google.nl,Genderqueer,49.231.10.80
592,Kiersten,Geary,kgearygf@twitter.com,Polygender,158.2.60.239
593,Tristam,Crop,tcropgg@topsy.com,Bigender,231.113.24.213
594,Eugene,Kasting,ekastinggh@taobao.com,Bigender,110.152.202.46
595,Hollis,Divill,hdivillgi@sitemeter.com,Polygender,134.167.140.75
596,Bianca,Teek,bteekgj@netscape.com,Non-binary,185.109.78.166
597,Odey,Jaquest,ojaquestgk@discuz.net,Non-binary,226.35.255.246
598,Carly,Filippi,cfilippigl@imgur.com,Male,216.80.153.181
599,Matthaeus,Flacknell,mflacknellgm@clickbank.net,Polygender,199.74.182.158
600,Marlane,Hammant,mhammantgn@wp.com,Agender,204.73.111.169
601,Adamo,MacDwyer,amacdwyergo@feedburner.com,Genderfluid,55.12.208.159
602,Janek,McGing,jmcginggp@usda.gov,Bigender,11.90.10.42
603,Celestyn,Millins,cmillinsgq@ca.gov,Non-binary,139.15.239.69
604,Henry,Jirusek,hjirusekgr@yale.edu,Female,70.177.119.206
605,Alysa,Medgwick,amedgwickgs@squidoo.com,Bigender,123.165.231.89
606,Jerrine,Dronsfield,jdronsfieldgt@joomla.org,Non-binary,255.65.58.91
607,Donielle,Rodenhurst,drodenhurstgu@boston.com,Genderqueer,195.55.253.21
608,Lottie,Huncoot,lhuncootgv@blogtalkradio.com,Female,19.122.215.43
609,Lion,Roughan,lroughangw@qq.com,Male,108.10.149.157
610,Ram,Rapa,rrapagx@reference.com,Polygender,152.140.200.124
611,Pooh,Seavers,pseaversgy@europa.eu,Polygender,85.206.253.65
612,Wilt,Sleaford,wsleafordgz@de.vu,Bigender,101.8.166.50
613,Wendel,Bredee,wbredeeh0@un.org,Polygender,247.53.155.147
614,Arnuad,Ditch,aditchh1@com.com,Female,29.26.172.17
615,Doralin,Bentsen,dbentsenh2@nymag.com,Genderqueer,39.176.111.80
616,Stefanie,Sjollema,ssjollemah3@opensource.org,Genderfluid,117.144.207.102
617,Boy,Bracey,bbraceyh4@youku.com,Genderfluid,126.191.10.34
618,Rubetta,Coventry,rcoventryh5@prweb.com,Female,151.163.89.30
619,Dill,Olechnowicz,dolechnowiczh6@harvard.edu,Bigender,182.87.17.149
620,Seth,Innocent,sinnocenth7@mapy.cz,Female,237.17.31.119
621,Carny,Bubbins,cbubbinsh8@netvibes.com,Polygender,55.49.229.251
622,Kerby,Kettlestringe,kkettlestringeh9@pinterest.com,Genderqueer,181.238.241.99
623,Datha,Warlaw,dwarlawha@paypal.com,Polygender,67.89.119.129
624,Clair,Egan,ceganhb@utexas.edu,Male,125.130.118.218
625,Klarrisa,Tattershall,ktattershallhc@topsy.com,Non-binary,13.155.151.20
626,Odessa,Wontner,owontnerhd@utexas.edu,Female,75.207.255.48
627,Thedric,Robbel,trobbelhe@technorati.com,Male,81.118.204.206
628,Addy,Cianni,aciannihf@bbc.co.uk,Non-binary,37.151.102.119
629,Derrick,Kydd,dkyddhg@google.com.hk,Genderfluid,250.226.160.27
630,Shelli,Chason,schasonhh@yandex.ru,Male,25.139.72.57
631,Alwin,Hardison,ahardisonhi@163.com,Polygender,4.39.95.109
632,Toma,Jevons,tjevonshj@canalblog.com,Agender,133.204.148.171
633,Madella,Cocozza,mcocozzahk@e-recht24.de,Genderqueer,57.39.76.196
634,Shanon,Paradise,sparadisehl@hugedomains.com,Male,237.244.31.72
635,Wain,Culpen,wculpenhm@diigo.com,Female,137.124.4.121
636,Riordan,Kennally,rkennallyhn@infoseek.co.jp,Non-binary,140.164.254.53
637,Karisa,MacCallester,kmaccallesterho@dailymotion.com,Genderfluid,160.61.211.120
638,Junette,Verrills,jverrillshp@dyndns.org,Female,72.183.124.205
639,Cate,Saket,csakethq@auda.org.au,Genderfluid,8.137.48.97
640,Kristos,Ecclestone,kecclestonehr@stanford.edu,Female,56.93.96.181
641,Sutton,Kingswood,skingswoodhs@qq.com,Male,78.211.216.122
642,Colleen,Blind,cblindht@mayoclinic.com,Male,0.116.227.62
643,Maisey,Purshouse,mpurshousehu@sciencedirect.com,Genderfluid,26.172.92.59
644,Rosemarie,Lassells,rlassellshv@sina.com.cn,Genderqueer,214.84.4.109
645,Iorgos,Bendik,ibendikhw@squarespace.com,Polygender,77.85.9.207
646,Pet,Audry,paudryhx@cnbc.com,Genderfluid,149.122.198.166
647,Devland,Wadman,dwadmanhy@ycombinator.com,Genderfluid,102.153.73.226
648,Nicola,Croall,ncroallhz@xrea.com,Genderfluid,2.19.234.219
649,Harmonie,Digle,hdiglei0@sitemeter.com,Genderqueer,161.147.99.237
650,Maridel,Grewer,mgreweri1@meetup.com,Genderfluid,184.94.221.163
651,Lewie,Sambath,lsambathi2@go.com,Genderfluid,252.181.119.192
652,Niven,Frangello,nfrangelloi3@joomla.org,Non-binary,31.86.198.160
653,Fawne,Esherwood,fesherwoodi4@barnesandnoble.com,Polygender,3.30.179.118
654,Nickolai,Bramford,nbramfordi5@ft.com,Male,213.169.160.91
655,Lorette,Dunkerk,ldunkerki6@aol.com,Genderqueer,225.94.178.186
656,Shep,Prendiville,sprendivillei7@java.com,Agender,84.190.153.196
657,Rickie,MacAlpine,rmacalpinei8@weibo.com,Genderqueer,255.74.190.61
658,Parrnell,Jewkes,pjewkesi9@artisteer.com,Male,176.123.141.234
659,Price,Farron,pfarronia@webmd.com,Male,92.45.57.96
660,Friederike,Lukacs,flukacsib@prweb.com,Polygender,118.210.236.57
661,Yasmeen,Bachelar,ybachelaric@bizjournals.com,Genderqueer,18.215.142.234
662,Mohandis,Plues,mpluesid@live.com,Genderqueer,90.117.219.14
663,Dorie,Kitching,dkitchingie@symantec.com,Polygender,222.239.154.122
664,Larry,Grinin,lgrininif@washington.edu,Male,24.227.39.75
665,Ginnie,Escala,gescalaig@spiegel.de,Genderqueer,64.253.255.182
666,Del,Pickston,dpickstonih@theatlantic.com,Genderqueer,4.143.3.174
667,Jeffrey,Murkus,jmurkusii@imgur.com,Genderqueer,14.167.17.115
668,Ryon,Oller,rollerij@auda.org.au,Male,133.161.134.9
669,Giralda,Bizley,gbizleyik@usa.gov,Non-binary,233.233.17.195
670,Harley,Ponsford,hponsfordil@paypal.com,Female,6.142.199.255
671,Annemarie,Abbots,aabbotsim@yellowbook.com,Genderqueer,98.161.46.55
672,Frazier,Regelous,fregelousin@symantec.com,Bigender,179.166.218.189
673,Lilas,Hoolaghan,lhoolaghanio@last.fm,Non-binary,0.246.81.52
674,Alisun,Chelnam,achelnamip@scientificamerican.com,Female,148.205.141.130
675,Zara,Copper,zcopperiq@facebook.com,Male,40.234.57.110
676,Skyler,Kensit,skensitir@xrea.com,Genderfluid,142.39.128.249
677,Chiarra,Samarth,csamarthis@vk.com,Polygender,27.90.218.211
678,Gerick,Kitteman,gkittemanit@auda.org.au,Genderfluid,242.125.223.137
679,Cherey,Sherewood,csherewoodiu@fc2.com,Bigender,195.213.182.215
680,Judas,Stiven,jstiveniv@51.la,Non-binary,220.24.118.23
681,Victoir,Tatterton,vtattertoniw@ycombinator.com,Non-binary,215.246.138.240
682,Hervey,Durtnel,hdurtnelix@senate.gov,Polygender,245.186.249.175
683,Beau,Tuff,btuffiy@chronoengine.com,Genderqueer,121.145.46.253
684,Rebeca,Kalf,rkalfiz@hud.gov,Polygender,13.173.28.11
685,Lisle,Grimwad,lgrimwadj0@vkontakte.ru,Genderfluid,178.23.49.39
686,Vi,Conwell,vconwellj1@blogspot.com,Genderqueer,142.98.163.121
687,Melesa,Masding,mmasdingj2@army.mil,Agender,200.74.144.232
688,Nolly,Broschek,nbroschekj3@msu.edu,Agender,143.40.167.203
689,Kayle,Ayers,kayersj4@mac.com,Female,214.90.4.28
690,Page,Bahde,pbahdej5@mozilla.org,Non-binary,169.223.231.204
691,Bent,Sandwick,bsandwickj6@typepad.com,Male,81.178.135.70
692,Merna,Sallowaye,msallowayej7@gnu.org,Genderqueer,36.112.234.244
693,Edmon,Robker,erobkerj8@sitemeter.com,Polygender,114.129.24.241
694,Korey,Hollingdale,khollingdalej9@ebay.com,Agender,7.146.31.81
695,Fanechka,Sawer,fsawerja@booking.com,Agender,252.48.100.213
696,Selinda,Riden,sridenjb@mapy.cz,Female,81.1.6.158
697,Pearline,Gooding,pgoodingjc@guardian.co.uk,Genderqueer,91.47.22.80
698,Rikki,Maudson,rmaudsonjd@surveymonkey.com,Non-binary,243.174.3.154
699,Cecilius,Chater,cchaterje@princeton.edu,Non-binary,151.173.69.85
700,Briney,Glasscoo,bglasscoojf@issuu.com,Agender,10.249.34.173
701,Gustavus,Pothergill,gpothergilljg@yelp.com,Genderfluid,254.35.46.67
702,Mercie,Vamplers,mvamplersjh@posterous.com,Genderqueer,105.53.124.85
703,Jannel,Cathery,jcatheryji@topsy.com,Non-binary,132.188.203.130
704,Eliot,Olivi,eolivijj@live.com,Agender,65.119.248.205
705,Benito,Sidden,bsiddenjk@mtv.com,Non-binary,200.0.3.161
706,Calypso,Shingles,cshinglesjl@nationalgeographic.com,Bigender,25.29.50.201
707,Reynold,Parffrey,rparffreyjm@tamu.edu,Genderqueer,236.144.38.65
708,Alain,Westoll,awestolljn@cbc.ca,Genderqueer,19.66.52.118
709,Forester,MacVaugh,fmacvaughjo@hatena.ne.jp,Male,47.231.150.135
710,Carlotta,Caistor,ccaistorjp@bizjournals.com,Genderfluid,196.174.184.56
711,Albert,Ledford,aledfordjq@weebly.com,Bigender,13.204.56.111
712,Juline,Dottrell,jdottrelljr@dailymotion.com,Polygender,157.78.44.190
713,Katherine,Willeman,kwillemanjs@wordpress.com,Genderqueer,26.65.248.134
714,Ethelda,Tomasian,etomasianjt@msu.edu,Bigender,127.176.95.16
715,Lucius,Goodby,lgoodbyju@wsj.com,Male,201.50.121.8
716,Kurtis,Jodkowski,kjodkowskijv@dion.ne.jp,Polygender,3.145.69.233
717,Mozes,Baudrey,mbaudreyjw@craigslist.org,Polygender,73.176.43.100
718,Tomaso,Lebreton,tlebretonjx@bigcartel.com,Agender,179.156.88.253
719,Griffie,Wagner,gwagnerjy@i2i.jp,Female,190.65.83.163
720,Kennie,Petrazzi,kpetrazzijz@dropbox.com,Genderfluid,85.174.229.144
721,Rebecca,Semiras,rsemirask0@ycombinator.com,Agender,123.128.24.244
722,Tony,Danilov,tdanilovk1@howstuffworks.com,Male,141.144.67.236
723,Dulcy,Henlon,dhenlonk2@chron.com,Genderfluid,215.124.232.223
724,Cherice,Osler,coslerk3@ed.gov,Genderqueer,126.247.111.1
725,Francis,Sodeau,fsodeauk4@amazon.co.uk,Non-binary,73.138.84.5
726,Gerick,Mitro,gmitrok5@salon.com,Bigender,124.2.159.169
727,Zarla,Ondrus,zondrusk6@simplemachines.org,Genderqueer,218.124.217.49
728,Rosette,Marquis,rmarquisk7@vkontakte.ru,Genderfluid,135.139.94.106
729,Bobbi,Sogg,bsoggk8@pinterest.com,Bigender,13.96.87.208
730,Chrotoem,Ronaldson,cronaldsonk9@cafepress.com,Genderqueer,115.224.135.148
731,Brock,Rehorek,brehorekka@prweb.com,Bigender,97.36.168.255
732,Grannie,Thursfield,gthursfieldkb@dyndns.org,Genderfluid,247.170.202.205
733,Alverta,Ogelsby,aogelsbykc@cnbc.com,Agender,235.159.146.83
734,Annis,Pedreschi,apedreschikd@slashdot.org,Polygender,159.98.163.183
735,Joanne,Healings,jhealingske@usda.gov,Genderqueer,158.67.81.51
736,Padraic,Creed,pcreedkf@gmpg.org,Bigender,163.75.48.148
737,Tucker,Zanetti,tzanettikg@abc.net.au,Genderqueer,2.41.7.92
738,Bamby,Madre,bmadrekh@abc.net.au,Bigender,132.18.203.97
739,Pierette,Coughan,pcoughanki@shareasale.com,Non-binary,137.205.197.61
740,Waly,Messingham,wmessinghamkj@myspace.com,Genderfluid,54.131.64.169
741,Nanice,Greeding,ngreedingkk@senate.gov,Genderfluid,164.105.111.189
742,Hadleigh,Whyatt,hwhyattkl@pbs.org,Genderqueer,223.123.230.169
743,Ban,Iddon,biddonkm@deviantart.com,Polygender,166.204.42.206
744,Margaux,Orry,morrykn@xinhuanet.com,Genderfluid,151.249.25.104
745,Keenan,Broschke,kbroschkeko@prweb.com,Male,105.89.60.120
746,Nolly,Huddart,nhuddartkp@themeforest.net,Polygender,224.18.133.117
747,Abe,Brahan,abrahankq@mashable.com,Agender,78.112.63.209
748,Burlie,Baack,bbaackkr@gizmodo.com,Non-binary,194.47.51.77
749,Conan,Eaklee,ceakleeks@chicagotribune.com,Bigender,39.41.102.68
750,Siusan,Risso,srissokt@flickr.com,Polygender,188.123.226.212
751,Engracia,Dymoke,edymokeku@virginia.edu,Polygender,24.8.12.141
752,Gerhardt,Fisbey,gfisbeykv@exblog.jp,Genderqueer,253.115.39.253
753,Jordan,Coad,jcoadkw@yale.edu,Agender,136.59.139.96
754,Eric,Collett,ecollettkx@weibo.com,Female,119.9.252.171
755,Wylma,Statefield,wstatefieldky@mashable.com,Agender,143.94.215.177
756,Edouard,Loines,eloineskz@shop-pro.jp,Polygender,218.227.14.90
757,Cad,Marston,cmarstonl0@mit.edu,Genderfluid,169.17.114.38
758,Sophey,Tern,sternl1@de.vu,Polygender,36.62.252.201
759,Gusta,Dennerly,gdennerlyl2@unesco.org,Male,185.98.151.112
760,Zackariah,Dimitru,zdimitrul3@sitemeter.com,Agender,66.15.103.228
761,Sena,Pardoe,spardoel4@infoseek.co.jp,Genderfluid,152.146.236.183
762,Jordanna,Royle,jroylel5@bluehost.com,Male,23.255.92.129
763,Emile,Fee,efeel6@auda.org.au,Male,148.254.28.143
764,Desiri,Partington,dpartingtonl7@taobao.com,Genderqueer,67.248.195.212
765,Yolande,Michael,ymichaell8@plala.or.jp,Genderqueer,194.106.64.217
766,Ronald,Crust,rcrustl9@bloglovin.com,Female,253.136.158.246
767,Marisa,Lared,mlaredla@unc.edu,Female,103.139.143.242
768,Verine,Kestin,vkestinlb@indiegogo.com,Polygender,110.36.144.190
769,Olwen,Merriott,omerriottlc@arizona.edu,Male,131.123.97.63
770,Margaretha,Cavanaugh,mcavanaughld@about.com,Male,39.58.184.216
771,Ethelind,O'Farris,eofarrisle@telegraph.co.uk,Agender,25.231.146.88
772,Amata,Toffano,atoffanolf@bing.com,Male,13.229.136.190
773,Bjorn,Titmuss,btitmusslg@vinaora.com,Non-binary,223.37.201.103
774,Yevette,Fleckness,yflecknesslh@constantcontact.com,Male,72.29.172.32
775,Vyky,Grigorushkin,vgrigorushkinli@mayoclinic.com,Non-binary,56.31.24.200
776,Batholomew,Nevill,bnevilllj@arstechnica.com,Non-binary,54.212.232.69
777,Drew,Dunkley,ddunkleylk@admin.ch,Bigender,159.154.253.180
778,Joane,Semark,jsemarkll@usa.gov,Agender,202.91.124.174
779,Maynard,Delves,mdelveslm@msu.edu,Genderfluid,17.144.108.36
780,Hedwig,House,hhouseln@blogs.com,Genderqueer,31.225.12.219
781,Roxane,Wrefford,rwreffordlo@pbs.org,Genderqueer,189.197.219.130
782,Callida,Dragge,cdraggelp@walmart.com,Genderfluid,210.172.96.199
783,Leshia,Godber,lgodberlq@walmart.com,Polygender,197.32.4.146
784,Lillis,Scatcher,lscatcherlr@bloglines.com,Agender,160.199.152.207
785,Nataniel,Gurr,ngurrls@infoseek.co.jp,Bigender,185.82.150.12
786,Winthrop,Sharpus,wsharpuslt@soundcloud.com,Bigender,14.91.52.13
787,Rosabelle,Hinstock,rhinstocklu@exblog.jp,Male,71.219.186.68
788,Taber,Servant,tservantlv@admin.ch,Genderfluid,153.107.19.148
789,Saudra,Twelftree,stwelftreelw@people.com.cn,Non-binary,126.214.122.130
790,Anet,Edeler,aedelerlx@plala.or.jp,Male,241.217.204.5
791,Maggy,Cassam,mcassamly@hc360.com,Agender,0.14.189.253
792,Wendy,Scarrott,wscarrottlz@craigslist.org,Bigender,131.221.149.254
793,Christen,Mohun,cmohunm0@msn.com,Bigender,153.61.2.162
794,Jerri,Rookesby,jrookesbym1@jugem.jp,Bigender,41.64.244.232
795,Bertha,Weigh,bweighm2@zdnet.com,Genderqueer,79.148.161.183
796,Sumner,Ganiclef,sganiclefm3@rambler.ru,Agender,152.138.169.243
797,Waiter,Brelsford,wbrelsfordm4@wordpress.com,Male,242.204.131.59
798,Rycca,Sterrie,rsterriem5@reverbnation.com,Bigender,97.107.27.142
799,Heidi,Hindshaw,hhindshawm6@tamu.edu,Non-binary,149.6.29.148
800,Pavia,Knibb,pknibbm7@mac.com,Polygender,46.143.118.106
801,Kelby,Orrell,korrellm8@lulu.com,Genderfluid,161.113.30.72
802,Melita,Chyuerton,mchyuertonm9@t-online.de,Genderfluid,131.156.25.204
803,Kara-lynn,Kingsley,kkingsleyma@alibaba.com,Agender,92.228.193.193
804,Harris,Packwood,hpackwoodmb@army.mil,Non-binary,240.195.251.4
805,Silvie,Reame,sreamemc@ustream.tv,Genderfluid,180.156.165.13
806,Thelma,Caslake,tcaslakemd@studiopress.com,Bigender,201.2.224.62
807,Gilli,Meuse,gmeuseme@furl.net,Genderqueer,217.239.152.222
808,Ripley,Guyver,rguyvermf@is.gd,Bigender,117.216.61.116
809,Osbert,Eustis,oeustismg@technorati.com,Genderfluid,52.86.175.130
810,Crystal,Dover,cdovermh@umich.edu,Female,109.61.212.157
811,Reiko,Hulle,rhullemi@mediafire.com,Bigender,245.165.229.226
812,Brandy,Madge,bmadgemj@huffingtonpost.com,Female,53.139.113.106
813,Babita,Sainsbury,bsainsburymk@alibaba.com,Female,65.23.229.3
814,Kipper,Schrei,kschreiml@dion.ne.jp,Polygender,116.18.250.73
815,Latrena,Neiland,lneilandmm@adobe.com,Genderfluid,237.4.102.112
816,Timothea,Sandle,tsandlemn@nbcnews.com,Genderqueer,247.149.147.232
817,Mathilda,Phizackarley,mphizackarleymo@goo.ne.jp,Male,8.131.133.141
818,Cami,Mioni,cmionimp@canalblog.com,Non-binary,22.99.198.122
819,Ario,Rapa,arapamq@scientificamerican.com,Female,165.128.113.147
820,Jorrie,Batisse,jbatissemr@umich.edu,Genderfluid,131.252.159.46
821,Rennie,Jilkes,rjilkesms@pagesperso-orange.fr,Female,217.158.237.101
822,Vanda,Punshon,vpunshonmt@yahoo.co.jp,Non-binary,50.117.62.136
823,Kendricks,Bocking,kbockingmu@tripadvisor.com,Non-binary,127.12.238.22
824,Carolee,Derrington,cderringtonmv@craigslist.org,Bigender,251.240.216.229
825,Jeff,Boughtwood,jboughtwoodmw@baidu.com,Polygender,242.187.241.199
826,Jake,Kunz,jkunzmx@canalblog.com,Bigender,149.233.232.93
827,Lynna,Kwietak,lkwietakmy@springer.com,Genderfluid,215.251.112.183
828,Jammal,Farleigh,jfarleighmz@woothemes.com,Polygender,1.222.220.120
829,Melisse,Dabney,mdabneyn0@desdev.cn,Genderqueer,215.72.68.132
830,Chester,Colleck,ccolleckn1@china.com.cn,Genderfluid,117.254.134.253
831,Bettye,Lukins,blukinsn2@ezinearticles.com,Polygender,204.89.76.8
832,Beverlie,Kemwall,bkemwalln3@dailymotion.com,Male,103.90.43.9
833,Hamel,Bennett,hbennettn4@live.com,Polygender,142.116.191.211
834,Cindee,Klimek,cklimekn5@washington.edu,Non-binary,129.148.223.248
835,Hamnet,Minnette,hminnetten6@dailymail.co.uk,Bigender,171.217.63.135
836,Karalynn,O'Dea,kodean7@vkontakte.ru,Polygender,196.202.199.54
837,Austina,Kinsett,akinsettn8@prnewswire.com,Polygender,125.107.193.149
838,Barbi,Di Frisco,bdifriscon9@hostgator.com,Male,201.42.190.244
839,Ricard,Corden,rcordenna@ask.com,Genderfluid,145.214.30.89
840,Jennette,Oxenbury,joxenburynb@reddit.com,Agender,172.69.26.78
841,Loreen,Ralling,lrallingnc@spiegel.de,Female,239.25.21.245
842,Jeremy,O'Sirin,josirinnd@earthlink.net,Genderqueer,68.214.205.147
843,Taryn,McConville,tmcconvillene@twitpic.com,Bigender,59.215.89.216
844,Ranique,Dinnington,rdinningtonnf@vistaprint.com,Genderfluid,238.99.220.115
845,Ruperto,Blasgen,rblasgenng@live.com,Non-binary,233.116.186.55
846,Aristotle,Sartin,asartinnh@umn.edu,Polygender,252.17.21.160
847,Nike,Sandyfirth,nsandyfirthni@icio.us,Bigender,133.177.19.175
848,Marlo,Akess,makessnj@oakley.com,Female,45.59.19.52
849,Marthena,Kiddle,mkiddlenk@mayoclinic.com,Genderfluid,244.134.41.157
850,Marja,Meehan,mmeehannl@gov.uk,Polygender,194.22.121.226
851,Erek,Fligg,efliggnm@wikia.com,Bigender,164.250.240.105
852,Danny,Kidde,dkiddenn@google.fr,Bigender,224.118.21.121
853,Kaile,Romney,kromneyno@sitemeter.com,Genderqueer,185.14.67.192
854,Archambault,Frede,afredenp@goo.ne.jp,Genderfluid,82.49.159.199
855,Jada,Bissill,jbissillnq@friendfeed.com,Non-binary,70.140.136.132
856,Janean,Rodgerson,jrodgersonnr@t.co,Genderqueer,239.88.166.238
857,Karon,Cockrem,kcockremns@twitter.com,Genderqueer,29.202.54.7
858,Lissi,Yele,lyelent@techcrunch.com,Non-binary,249.130.222.155
859,Gwenore,De Maria,gdemarianu@youku.com,Genderqueer,141.56.74.230
860,Arlee,Pietroni,apietroninv@pbs.org,Agender,235.53.55.134
861,Kaleena,Pape,kpapenw@devhub.com,Genderfluid,121.200.28.47
862,Gavan,Bereford,gberefordnx@g.co,Agender,232.82.27.184
863,Elizabet,Kernar,ekernarny@rediff.com,Genderfluid,87.92.65.64
864,Ruthie,Mammatt,rmammattnz@elpais.com,Genderqueer,229.90.191.121
865,Quillan,Houtbie,qhoutbieo0@indiegogo.com,Female,186.7.89.91
866,Napoleon,Ilden,nildeno1@dropbox.com,Genderfluid,255.55.49.201
867,Mark,McCloch,mmcclocho2@globo.com,Male,104.93.183.145
868,Tabby,Sandaver,tsandavero3@cnn.com,Genderqueer,83.37.138.218
869,Marys,Klos,mkloso4@sina.com.cn,Bigender,134.248.179.33
870,Corbet,Picknett,cpicknetto5@cdc.gov,Male,0.140.34.251
871,Zebedee,Damp,zdampo6@github.io,Genderqueer,223.31.212.55
872,Tyrone,Klaessen,tklaesseno7@illinois.edu,Genderfluid,42.35.1.241
873,Burnaby,Geering,bgeeringo8@networkadvertising.org,Genderfluid,223.206.115.67
874,Corabella,Ourry,courryo9@xinhuanet.com,Bigender,34.137.142.8
875,Mandy,Leitche,mleitcheoa@wufoo.com,Agender,165.20.142.189
876,Casper,Bratton,cbrattonob@constantcontact.com,Agender,105.174.130.0
877,Fields,Tute,ftuteoc@thetimes.co.uk,Genderfluid,61.28.68.98
878,Thacher,Biggerdike,tbiggerdikeod@nature.com,Genderfluid,42.99.7.146
879,Dodi,Piddington,dpiddingtonoe@shareasale.com,Male,43.164.57.175
880,Abbie,Berceros,abercerosof@vinaora.com,Bigender,221.227.249.53
881,Obediah,Garey,ogareyog@psu.edu,Genderqueer,83.115.128.3
882,Denise,Kennham,dkennhamoh@alibaba.com,Bigender,40.187.234.79
883,Charlene,Ovenden,covendenoi@meetup.com,Male,70.153.207.35
884,Kora,Klejin,kklejinoj@columbia.edu,Agender,70.157.117.95
885,Tony,Stealey,tstealeyok@google.co.jp,Male,151.7.242.253
886,Amby,Eakly,aeaklyol@diigo.com,Bigender,169.77.175.5
887,Orsa,McCord,omccordom@typepad.com,Male,107.120.27.85
888,Sonny,Chadbourne,schadbourneon@businessinsider.com,Genderfluid,79.165.174.59
889,Elaina,Tasseler,etasseleroo@bigcartel.com,Non-binary,77.190.33.95
890,Bea,Shay,bshayop@cocolog-nifty.com,Genderfluid,105.174.2.131
891,Clayborne,Luckey,cluckeyoq@vkontakte.ru,Genderfluid,216.98.64.212
892,Rosabel,Beeton,rbeetonor@psu.edu,Genderfluid,119.15.17.58
893,Pamella,Rames,pramesos@eventbrite.com,Bigender,201.199.57.77
894,Tyson,Pagden,tpagdenot@joomla.org,Genderqueer,102.154.44.213
895,Row,Melendez,rmelendezou@engadget.com,Female,108.185.99.235
896,Alon,McFadyen,amcfadyenov@phoca.cz,Genderqueer,148.3.39.246
897,Germaine,Nunson,gnunsonow@sitemeter.com,Genderfluid,209.21.224.228
898,Latisha,Brickdale,lbrickdaleox@apple.com,Bigender,66.149.218.207
899,Solomon,Napton,snaptonoy@gov.uk,Non-binary,162.25.210.228
900,Deane,Cromly,dcromlyoz@home.pl,Bigender,131.35.71.98
901,Gifford,Rapelli,grapellip0@examiner.com,Female,96.100.106.72
902,Ruthe,Dunseith,rdunseithp1@1und1.de,Male,10.33.97.73
903,Loella,Valentino,lvalentinop2@icq.com,Non-binary,12.183.75.11
904,Nadine,Norwood,nnorwoodp3@twitter.com,Genderfluid,112.47.179.226
905,Shannan,Palfreyman,spalfreymanp4@chron.com,Genderqueer,38.50.214.185
906,Neils,Cella,ncellap5@patch.com,Genderfluid,22.172.223.9
907,Ky,Starrs,kstarrsp6@hhs.gov,Male,10.133.44.208
908,Max,Prettyjohns,mprettyjohnsp7@va.gov,Female,204.158.172.196
909,Jaimie,Baldree,jbaldreep8@bandcamp.com,Non-binary,37.7.174.25
910,Emmeline,Esmonde,eesmondep9@freewebs.com,Non-binary,210.129.59.253
911,Job,Redmond,jredmondpa@altervista.org,Male,229.216.117.233
912,Jed,Hinze,jhinzepb@discovery.com,Non-binary,100.68.98.181
913,Joanne,Rable,jrablepc@dagondesign.com,Male,205.27.121.153
914,Putnam,Gilffilland,pgilffillandpd@deliciousdays.com,Bigender,97.20.223.225
915,Simmonds,Dany,sdanype@hud.gov,Agender,242.139.29.57
916,Muriel,Forsythe,mforsythepf@gravatar.com,Non-binary,158.233.80.130
917,Merell,Danbye,mdanbyepg@scientificamerican.com,Non-binary,34.82.60.167
918,Christye,Samter,csamterph@usatoday.com,Genderqueer,160.34.244.95
919,Kahaleel,Waddup,kwadduppi@hhs.gov,Bigender,120.52.93.207
920,Nicholle,Borlease,nborleasepj@redcross.org,Female,147.57.184.184
921,Kasper,Timeby,ktimebypk@shop-pro.jp,Female,70.238.142.165
922,Kikelia,Rylett,krylettpl@mysql.com,Female,67.23.162.39
923,Yard,Kopelman,ykopelmanpm@wix.com,Female,176.87.164.225
924,Katrina,Votier,kvotierpn@dagondesign.com,Female,46.210.247.43
925,Kendall,Tugman,ktugmanpo@miitbeian.gov.cn,Agender,168.173.142.138
926,Allis,Roomes,aroomespp@engadget.com,Agender,195.115.17.29
927,Valentina,O'Longain,volongainpq@uiuc.edu,Non-binary,7.215.130.161
928,Lew,Fold,lfoldpr@typepad.com,Agender,180.19.213.122
929,Aloin,Jacquot,ajacquotps@linkedin.com,Bigender,176.95.44.198
930,Shandeigh,Wotton,swottonpt@fastcompany.com,Agender,113.40.166.198
931,Robbert,Umfrey,rumfreypu@toplist.cz,Genderqueer,54.153.153.208
932,Tarrah,O'Daly,todalypv@cnn.com,Male,187.132.105.146
933,Libbie,Titman,ltitmanpw@wisc.edu,Polygender,225.135.88.240
934,Mathian,Cramp,mcramppx@google.cn,Male,153.127.91.39
935,Iormina,Kinnin,ikinninpy@thetimes.co.uk,Non-binary,127.91.101.176
936,Herc,Kirman,hkirmanpz@wired.com,Bigender,252.159.197.208
937,Kesley,Compfort,kcompfortq0@newsvine.com,Non-binary,176.13.69.107
938,Fenelia,Anthonsen,fanthonsenq1@amazon.com,Polygender,75.77.75.118
939,Blanch,Larwood,blarwoodq2@youtube.com,Female,190.245.12.68
940,Shela,Vallerine,svallerineq3@desdev.cn,Genderfluid,116.248.88.231
941,Averill,Mander,amanderq4@dailymail.co.uk,Male,6.20.169.201
942,Bekki,Littlejohn,blittlejohnq5@slate.com,Non-binary,29.47.208.139
943,Werner,Iglesias,wiglesiasq6@unesco.org,Genderfluid,176.192.235.87
944,Nananne,Blackie,nblackieq7@huffingtonpost.com,Agender,191.101.171.175
945,Nert,Cadle,ncadleq8@google.com.au,Genderfluid,136.127.214.46
946,Devondra,Drinkel,ddrinkelq9@delicious.com,Female,168.153.50.1
947,Aurie,Lytell,alytellqa@fda.gov,Genderqueer,130.89.59.120
948,Gertrudis,Morales,gmoralesqb@stumbleupon.com,Male,209.247.105.119
949,Christina,Wyper,cwyperqc@patch.com,Male,138.88.84.122
950,Leo,Mizen,lmizenqd@telegraph.co.uk,Agender,151.21.26.70
951,Merrick,Halfhide,mhalfhideqe@apple.com,Bigender,26.44.36.210
952,Elisha,Posselwhite,eposselwhiteqf@yellowbook.com,Male,86.69.234.194
953,Giulio,Brimacombe,gbrimacombeqg@yahoo.co.jp,Polygender,63.90.250.129
954,Ines,Rivaland,irivalandqh@weather.com,Polygender,195.232.54.242
955,Edita,Kwietak,ekwietakqi@sbwire.com,Bigender,44.121.180.185
956,Chlo,Sizzey,csizzeyqj@nba.com,Polygender,116.45.176.163
957,Ginni,Pinkie,gpinkieqk@people.com.cn,Polygender,233.237.151.22
958,Neilla,Leyson,nleysonql@bravesites.com,Agender,128.99.37.221
959,Phillie,Songhurst,psonghurstqm@si.edu,Non-binary,22.116.67.195
960,Freddy,Egerton,fegertonqn@indiegogo.com,Genderqueer,123.110.190.25
961,Anastasia,McCurdy,amccurdyqo@barnesandnoble.com,Polygender,99.7.114.157
962,Osborn,Pippard,opippardqp@e-recht24.de,Non-binary,68.27.226.192
963,Elysia,Breckenridge,ebreckenridgeqq@narod.ru,Female,220.235.111.45
964,Justino,Laurencot,jlaurencotqr@posterous.com,Female,59.225.102.3
965,Hailey,McAvinchey,hmcavincheyqs@cbc.ca,Genderfluid,77.177.108.185
966,Heda,Angrave,hangraveqt@pagesperso-orange.fr,Non-binary,208.255.120.85
967,Carlota,Francey,cfranceyqu@nifty.com,Female,81.86.7.137
968,Gabriel,Weighell,gweighellqv@bandcamp.com,Agender,86.172.58.124
969,Ariana,Walak,awalakqw@naver.com,Non-binary,151.218.116.178
970,Roxane,Povlsen,rpovlsenqx@joomla.org,Genderfluid,57.145.161.221
971,Melissa,Petroff,mpetroffqy@furl.net,Male,242.99.127.107
972,Mabel,Treherne,mtreherneqz@nba.com,Female,205.240.177.0
973,Emma,Lared,elaredr0@upenn.edu,Male,5.93.75.240
974,Hubey,Guiduzzi,hguiduzzir1@google.de,Polygender,21.248.42.81
975,Grace,Waeland,gwaelandr2@1688.com,Female,20.115.66.195
976,Esme,Cane,ecaner3@bluehost.com,Genderfluid,39.150.191.2
977,Adrian,McFade,amcfader4@bbb.org,Male,161.113.187.178
978,Barnaby,Cecchetelli,bcecchetellir5@soundcloud.com,Male,54.139.60.12
979,Porter,Birkett,pbirkettr6@tripadvisor.com,Male,249.129.136.219
980,Orelle,Trustey,otrusteyr7@hostgator.com,Non-binary,85.69.138.52
981,Modesta,Snedden,msneddenr8@thetimes.co.uk,Female,133.54.201.35
982,Ashil,Dispencer,adispencerr9@multiply.com,Polygender,100.55.113.117
983,Wesley,Capper,wcapperra@illinois.edu,Genderqueer,195.86.81.6
984,Archibaldo,Walsom,awalsomrb@furl.net,Genderqueer,221.139.252.188
985,Korey,Seeler,kseelerrc@nih.gov,Bigender,194.215.39.115
986,Karine,Saunter,ksaunterrd@google.fr,Bigender,107.163.165.252
987,Angeli,Kimberly,akimberlyre@altervista.org,Genderfluid,189.138.34.69
988,Bryan,Varcoe,bvarcoerf@pcworld.com,Polygender,235.38.191.216
989,Jedd,Sperwell,jsperwellrg@state.gov,Polygender,123.211.69.80
990,Ofella,Braundt,obraundtrh@globo.com,Genderqueer,161.110.231.211
991,Buddy,Hriinchenko,bhriinchenkori@slashdot.org,Genderfluid,165.74.4.218
992,Truda,Merali,tmeralirj@statcounter.com,Female,37.141.1.198
993,Vivienne,Flower,vflowerrk@purevolume.com,Genderqueer,234.201.202.206
994,Marijo,Phear,mphearrl@domainmarket.com,Male,96.3.96.66
995,Maximilianus,O'Hallihane,mohallihanerm@hubpages.com,Bigender,41.240.180.248
996,Ardelia,Bellingham,abellinghamrn@cnet.com,Agender,213.41.13.226
997,Ginny,McAllister,gmcallisterro@ucsd.edu,Genderqueer,30.233.107.36
998,Raddie,Apperley,rapperleyrp@xinhuanet.com,Polygender,127.169.28.118
999,Veronika,O'Grogane,vogroganerq@adobe.com,Genderfluid,47.82.39.79
1000,Anabella,Pentin,apentinrr@umn.edu,Genderfluid,131.165.28.229
